-- phpMyAdmin SQL Dump
-- version 5.2.1
-- https://www.phpmyadmin.net/
--
-- Máy chủ: 127.0.0.1
-- Thời gian đã tạo: Th1 04, 2024 lúc 05:22 AM
-- Phiên bản máy phục vụ: 10.4.32-MariaDB
-- Phiên bản PHP: 8.0.30

SET SQL_MODE = "NO_AUTO_VALUE_ON_ZERO";
START TRANSACTION;
SET time_zone = "+00:00";


/*!40101 SET @OLD_CHARACTER_SET_CLIENT=@@CHARACTER_SET_CLIENT */;
/*!40101 SET @OLD_CHARACTER_SET_RESULTS=@@CHARACTER_SET_RESULTS */;
/*!40101 SET @OLD_COLLATION_CONNECTION=@@COLLATION_CONNECTION */;
/*!40101 SET NAMES utf8mb4 */;

--
-- Cơ sở dữ liệu: `qlthuan1`
--

-- --------------------------------------------------------

--
-- Cấu trúc bảng cho bảng `chitietdiemdanh`
--

CREATE TABLE `chitietdiemdanh` (
  `ID` int(11) NOT NULL,
  `MASV` int(11) DEFAULT NULL,
  `NGAYCC` date DEFAULT NULL,
  `MAMH` varchar(10) DEFAULT NULL,
  `SOTIETVANG` int(11) DEFAULT NULL
) ENGINE=InnoDB DEFAULT CHARSET=utf8mb4 COLLATE=utf8mb4_vietnamese_ci;

--
-- Đang đổ dữ liệu cho bảng `chitietdiemdanh`
--

INSERT INTO `chitietdiemdanh` (`ID`, `MASV`, `NGAYCC`, `MAMH`, `SOTIETVANG`) VALUES
(151, 110120016, '2024-01-01', '220054', 2),
(152, 110120037, '2024-01-01', '20055', 4),
(153, 110120037, '2024-01-02', '20055', 4),
(154, 110120037, '2024-01-05', '20055', 2),
(155, 110120121, '2024-01-07', '20055', 4),
(156, 110120121, '2024-01-07', '20055', 4),
(157, 110120016, '2024-01-08', '20055', 4),
(158, 110120121, '2024-01-15', '20055', 4),
(159, 110120002, '2024-01-05', '220025', 4),
(160, 110120006, '2024-01-11', '220012', 4),
(161, 110120006, '2024-01-13', '220012', 4),
(162, 110120006, '2024-01-07', '220012', 2);

-- --------------------------------------------------------

--
-- Cấu trúc bảng cho bảng `chuyencan`
--

CREATE TABLE `chuyencan` (
  `NGAYCC` datetime DEFAULT NULL,
  `SOTIETVANG` int(11) DEFAULT NULL,
  `MAGV` varchar(20) NOT NULL,
  `MASV` int(11) NOT NULL,
  `MAMH` varchar(10) NOT NULL,
  `LYDO` varchar(255) DEFAULT NULL
) ENGINE=InnoDB DEFAULT CHARSET=utf8mb4 COLLATE=utf8mb4_vietnamese_ci;

--
-- Đang đổ dữ liệu cho bảng `chuyencan`
--

INSERT INTO `chuyencan` (`NGAYCC`, `SOTIETVANG`, `MAGV`, `MASV`, `MAMH`, `LYDO`) VALUES
('2024-01-02 17:28:09', 0, '00241', 110120002, '220071', NULL),
('2024-01-02 17:28:09', 0, '00241', 110120004, '220071', NULL),
('2024-01-02 17:28:09', 0, '00241', 110120006, '220071', NULL),
('2024-01-02 17:28:09', 0, '00241', 110120008, '220071', NULL),
('2024-01-02 17:28:09', 0, '00241', 110120010, '220071', NULL),
('2024-01-02 17:28:09', 0, '00241', 110120014, '220071', NULL),
('2024-01-02 17:28:09', 0, '00241', 110120016, '220071', NULL),
('2024-01-02 17:28:09', 0, '00241', 110120019, '220071', NULL),
('2024-01-02 17:28:09', 0, '00241', 110120020, '220071', NULL),
('2024-01-02 17:28:09', 0, '00241', 110120021, '220071', NULL),
('2024-01-02 17:28:09', 0, '00241', 110120026, '220071', NULL),
('2024-01-02 17:28:09', 0, '00241', 110120027, '220071', NULL),
('2024-01-02 17:28:09', 0, '00241', 110120029, '220071', NULL),
('2024-01-02 17:28:09', 0, '00241', 110120031, '220071', NULL),
('2024-01-02 17:28:09', 0, '00241', 110120034, '220071', NULL),
('2024-01-02 17:28:09', 0, '00241', 110120037, '220071', NULL),
('2024-01-02 17:28:09', 0, '00241', 110120038, '220071', NULL),
('2024-01-02 17:28:09', 0, '00241', 110120044, '220071', NULL),
('2024-01-02 17:28:09', 0, '00241', 110120047, '220071', NULL),
('2024-01-02 17:28:09', 0, '00241', 110120049, '220071', NULL),
('2024-01-02 17:28:09', 0, '00241', 110120051, '220071', NULL),
('2024-01-02 17:28:09', 0, '00241', 110120053, '220071', NULL),
('2024-01-02 17:28:09', 0, '00241', 110120054, '220071', NULL),
('2024-01-02 17:28:09', 0, '00241', 110120055, '220071', NULL),
('2024-01-02 17:28:09', 0, '00241', 110120059, '220071', NULL),
('2024-01-02 17:28:09', 0, '00241', 110120060, '220071', NULL),
('2024-01-02 17:28:09', 0, '00241', 110120063, '220071', NULL),
('2024-01-02 17:28:09', 0, '00241', 110120067, '220071', NULL),
('2024-01-02 17:28:09', 0, '00241', 110120070, '220071', NULL),
('2024-01-02 17:28:09', 0, '00241', 110120071, '220071', NULL),
('2024-01-02 17:28:09', 0, '00241', 110120077, '220071', NULL),
('2024-01-02 17:28:09', 0, '00241', 110120078, '220071', NULL),
('2024-01-02 17:28:09', 0, '00241', 110120081, '220071', NULL),
('2024-01-02 17:28:09', 0, '00241', 110120082, '220071', NULL),
('2024-01-02 17:28:09', 0, '00241', 110120083, '220071', NULL),
('2024-01-02 17:28:09', 0, '00241', 110120084, '220071', NULL),
('2024-01-02 17:28:09', 0, '00241', 110120085, '220071', NULL),
('2024-01-02 17:28:09', 0, '00241', 110120087, '220071', NULL),
('2024-01-02 17:28:09', 0, '00241', 110120090, '220071', NULL),
('2024-01-02 17:28:09', 0, '00241', 110120091, '220071', NULL),
('2024-01-02 17:28:09', 0, '00241', 110120092, '220071', NULL),
('2024-01-02 17:28:09', 0, '00241', 110120095, '220071', NULL),
('2024-01-02 17:28:09', 0, '00241', 110120098, '220071', NULL),
('2024-01-02 17:28:09', 0, '00241', 110120101, '220071', NULL),
('2024-01-02 17:28:09', 0, '00241', 110120104, '220071', NULL),
('2024-01-02 17:28:09', 0, '00241', 110120107, '220071', NULL),
('2024-01-02 17:28:09', 0, '00241', 110120109, '220071', NULL),
('2024-01-02 17:28:09', 0, '00241', 110120112, '220071', NULL),
('2024-01-02 17:28:09', 0, '00241', 110120116, '220071', NULL),
('2024-01-02 17:28:09', 0, '00241', 110120118, '220071', NULL),
('2024-01-02 17:28:09', 0, '00241', 110120119, '220071', NULL),
('2024-01-02 17:28:09', 0, '00241', 110120121, '220071', NULL),
('2024-01-02 17:28:09', 0, '00241', 110120122, '220071', NULL),
('2024-01-02 17:28:09', 0, '00241', 110120125, '220071', NULL),
('2024-01-02 17:28:09', 0, '00241', 110120127, '220071', NULL),
('2024-01-02 17:28:09', 0, '00241', 110120138, '220071', NULL),
('2024-01-02 17:28:09', 0, '00241', 110120142, '220071', NULL),
('2024-01-02 17:28:09', 0, '00241', 110120146, '220071', NULL),
('2024-01-02 17:28:09', 0, '00241', 110120151, '220071', NULL),
('2024-01-02 17:28:09', 0, '00241', 110120152, '220071', NULL),
('2024-01-02 17:28:09', 0, '00241', 110120153, '220071', NULL),
('2024-01-02 17:28:09', 0, '00241', 110120161, '220071', NULL),
('2024-01-02 17:28:09', 0, '00241', 110120163, '220071', NULL),
('2024-01-02 17:28:09', 0, '00241', 110120164, '220071', NULL),
('2024-01-02 17:28:09', 0, '00241', 110120166, '220071', NULL),
('2024-01-02 17:28:09', 0, '00241', 110120167, '220071', NULL),
('2024-01-02 17:28:09', 0, '00241', 110120170, '220071', NULL),
('2024-01-02 17:28:09', 0, '00241', 110120171, '220071', NULL),
('2024-01-02 17:28:09', 0, '00241', 117520002, '220071', NULL),
('2024-01-02 17:28:09', 0, '00241', 117520005, '220071', NULL),
('2024-01-02 17:28:09', 0, '00248', 110120002, '220025', NULL),
('2024-01-02 17:28:09', 0, '00248', 110120004, '220025', NULL),
('2024-01-02 17:28:09', 0, '00248', 110120006, '220025', NULL),
('2024-01-02 17:28:09', 0, '00248', 110120008, '220025', NULL),
('2024-01-02 17:28:09', 0, '00248', 110120010, '220025', NULL),
('2024-01-02 17:28:09', 0, '00248', 110120014, '220025', NULL),
('2024-01-02 17:28:09', 0, '00248', 110120016, '220025', NULL),
('2024-01-02 17:28:09', 0, '00248', 110120019, '220025', NULL),
('2024-01-02 17:28:09', 0, '00248', 110120020, '220025', NULL),
('2024-01-02 17:28:09', 0, '00248', 110120021, '220025', NULL),
('2024-01-02 17:28:09', 0, '00248', 110120026, '220025', NULL),
('2024-01-02 17:28:09', 0, '00248', 110120027, '220025', NULL),
('2024-01-02 17:28:09', 0, '00248', 110120029, '220025', NULL),
('2024-01-02 17:28:09', 0, '00248', 110120031, '220025', NULL),
('2024-01-02 17:28:09', 0, '00248', 110120034, '220025', NULL),
('2024-01-02 17:28:09', 0, '00248', 110120037, '220025', NULL),
('2024-01-02 17:28:09', 0, '00248', 110120038, '220025', NULL),
('2024-01-02 17:28:09', 0, '00248', 110120044, '220025', NULL),
('2024-01-02 17:28:09', 0, '00248', 110120047, '220025', NULL),
('2024-01-02 17:28:09', 0, '00248', 110120049, '220025', NULL),
('2024-01-02 17:28:09', 0, '00248', 110120051, '220025', NULL),
('2024-01-02 17:28:09', 0, '00248', 110120053, '220025', NULL),
('2024-01-02 17:28:09', 0, '00248', 110120054, '220025', NULL),
('2024-01-02 17:28:09', 0, '00248', 110120055, '220025', NULL),
('2024-01-02 17:28:09', 0, '00248', 110120059, '220025', NULL),
('2024-01-02 17:28:09', 0, '00248', 110120060, '220025', NULL),
('2024-01-02 17:28:09', 0, '00248', 110120063, '220025', NULL),
('2024-01-02 17:28:09', 0, '00248', 110120067, '220025', NULL),
('2024-01-02 17:28:09', 0, '00248', 110120070, '220025', NULL),
('2024-01-02 17:28:09', 0, '00248', 110120071, '220025', NULL),
('2024-01-02 17:28:09', 0, '00248', 110120077, '220025', NULL),
('2024-01-02 17:28:09', 0, '00248', 110120078, '220025', NULL),
('2024-01-02 17:28:09', 0, '00248', 110120081, '220025', NULL),
('2024-01-02 17:28:09', 0, '00248', 110120082, '220025', NULL),
('2024-01-02 17:28:09', 0, '00248', 110120083, '220025', NULL),
('2024-01-02 17:28:09', 0, '00248', 110120084, '220025', NULL),
('2024-01-02 17:28:09', 0, '00248', 110120085, '220025', NULL),
('2024-01-02 17:28:09', 0, '00248', 110120087, '220025', NULL),
('2024-01-02 17:28:09', 0, '00248', 110120090, '220025', NULL),
('2024-01-02 17:28:09', 0, '00248', 110120091, '220025', NULL),
('2024-01-02 17:28:09', 0, '00248', 110120092, '220025', NULL),
('2024-01-02 17:28:09', 0, '00248', 110120095, '220025', NULL),
('2024-01-02 17:28:09', 0, '00248', 110120098, '220025', NULL),
('2024-01-02 17:28:09', 0, '00248', 110120101, '220025', NULL),
('2024-01-02 17:28:09', 0, '00248', 110120104, '220025', NULL),
('2024-01-02 17:28:09', 0, '00248', 110120107, '220025', NULL),
('2024-01-02 17:28:09', 0, '00248', 110120109, '220025', NULL),
('2024-01-02 17:28:09', 0, '00248', 110120112, '220025', NULL),
('2024-01-02 17:28:09', 0, '00248', 110120116, '220025', NULL),
('2024-01-02 17:28:09', 0, '00248', 110120118, '220025', NULL),
('2024-01-02 17:28:09', 0, '00248', 110120119, '220025', NULL),
('2024-01-02 17:28:09', 0, '00248', 110120121, '220025', NULL),
('2024-01-02 17:28:09', 0, '00248', 110120122, '220025', NULL),
('2024-01-02 17:28:09', 0, '00248', 110120125, '220025', NULL),
('2024-01-02 17:28:09', 0, '00248', 110120127, '220025', NULL),
('2024-01-02 17:28:09', 0, '00248', 110120138, '220025', NULL),
('2024-01-02 17:28:09', 0, '00248', 110120142, '220025', NULL),
('2024-01-02 17:28:09', 0, '00248', 110120146, '220025', NULL),
('2024-01-02 17:28:09', 0, '00248', 110120151, '220025', NULL),
('2024-01-02 17:28:09', 0, '00248', 110120152, '220025', NULL),
('2024-01-02 17:28:09', 0, '00248', 110120153, '220025', NULL),
('2024-01-02 17:28:09', 0, '00248', 110120161, '220025', NULL),
('2024-01-02 17:28:09', 0, '00248', 110120163, '220025', NULL),
('2024-01-02 17:28:09', 0, '00248', 110120164, '220025', NULL),
('2024-01-02 17:28:09', 0, '00248', 110120166, '220025', NULL),
('2024-01-02 17:28:09', 0, '00248', 110120167, '220025', NULL),
('2024-01-02 17:28:09', 0, '00248', 110120170, '220025', NULL),
('2024-01-02 17:28:09', 0, '00248', 110120171, '220025', NULL),
('2024-01-02 17:28:09', 0, '00248', 117520002, '220025', NULL),
('2024-01-02 17:28:09', 0, '00248', 117520005, '220025', NULL),
('2024-01-02 17:28:09', 0, '00255', 110120002, '220243', NULL),
('2024-01-02 17:28:09', 0, '00255', 110120004, '220243', NULL),
('2024-01-02 17:28:09', 0, '00255', 110120006, '220243', NULL),
('2024-01-02 17:28:09', 0, '00255', 110120008, '220243', NULL),
('2024-01-02 17:28:09', 0, '00255', 110120010, '220243', NULL),
('2024-01-02 17:28:09', 0, '00255', 110120014, '220243', NULL),
('2024-01-02 17:28:09', 0, '00255', 110120016, '220243', NULL),
('2024-01-02 17:28:09', 0, '00255', 110120019, '220243', NULL),
('2024-01-02 17:28:09', 0, '00255', 110120020, '220243', NULL),
('2024-01-02 17:28:09', 0, '00255', 110120021, '220243', NULL),
('2024-01-02 17:28:09', 0, '00255', 110120026, '220243', NULL),
('2024-01-02 17:28:09', 0, '00255', 110120027, '220243', NULL),
('2024-01-02 17:28:09', 0, '00255', 110120029, '220243', NULL),
('2024-01-02 17:28:09', 0, '00255', 110120031, '220243', NULL),
('2024-01-02 17:28:09', 0, '00255', 110120034, '220243', NULL),
('2024-01-02 17:28:09', 0, '00255', 110120037, '220243', NULL),
('2024-01-02 17:28:09', 0, '00255', 110120038, '220243', NULL),
('2024-01-02 17:28:09', 0, '00255', 110120044, '220243', NULL),
('2024-01-02 17:28:09', 0, '00255', 110120047, '220243', NULL),
('2024-01-02 17:28:09', 0, '00255', 110120049, '220243', NULL),
('2024-01-02 17:28:09', 0, '00255', 110120051, '220243', NULL),
('2024-01-02 17:28:09', 0, '00255', 110120053, '220243', NULL),
('2024-01-02 17:28:09', 0, '00255', 110120054, '220243', NULL),
('2024-01-02 17:28:09', 0, '00255', 110120055, '220243', NULL),
('2024-01-02 17:28:09', 0, '00255', 110120059, '220243', NULL),
('2024-01-02 17:28:09', 0, '00255', 110120060, '220243', NULL),
('2024-01-02 17:28:09', 0, '00255', 110120063, '220243', NULL),
('2024-01-02 17:28:09', 0, '00255', 110120067, '220243', NULL),
('2024-01-02 17:28:09', 0, '00255', 110120070, '220243', NULL),
('2024-01-02 17:28:09', 0, '00255', 110120071, '220243', NULL),
('2024-01-02 17:28:09', 0, '00255', 110120077, '220243', NULL),
('2024-01-02 17:28:09', 0, '00255', 110120078, '220243', NULL),
('2024-01-02 17:28:09', 0, '00255', 110120081, '220243', NULL),
('2024-01-02 17:28:09', 0, '00255', 110120082, '220243', NULL),
('2024-01-02 17:28:09', 0, '00255', 110120083, '220243', NULL),
('2024-01-02 17:28:09', 0, '00255', 110120084, '220243', NULL),
('2024-01-02 17:28:09', 0, '00255', 110120085, '220243', NULL),
('2024-01-02 17:28:09', 0, '00255', 110120087, '220243', NULL),
('2024-01-02 17:28:09', 0, '00255', 110120090, '220243', NULL),
('2024-01-02 17:28:09', 0, '00255', 110120091, '220243', NULL),
('2024-01-02 17:28:09', 0, '00255', 110120092, '220243', NULL),
('2024-01-02 17:28:09', 0, '00255', 110120095, '220243', NULL),
('2024-01-02 17:28:09', 0, '00255', 110120098, '220243', NULL),
('2024-01-02 17:28:09', 0, '00255', 110120101, '220243', NULL),
('2024-01-02 17:28:09', 0, '00255', 110120104, '220243', NULL),
('2024-01-02 17:28:09', 0, '00255', 110120107, '220243', NULL),
('2024-01-02 17:28:09', 0, '00255', 110120109, '220243', NULL),
('2024-01-02 17:28:09', 0, '00255', 110120112, '220243', NULL),
('2024-01-02 17:28:09', 0, '00255', 110120116, '220243', NULL),
('2024-01-02 17:28:09', 0, '00255', 110120118, '220243', NULL),
('2024-01-02 17:28:09', 0, '00255', 110120119, '220243', NULL),
('2024-01-02 17:28:09', 0, '00255', 110120121, '220243', NULL),
('2024-01-02 17:28:09', 0, '00255', 110120122, '220243', NULL),
('2024-01-02 17:28:09', 0, '00255', 110120125, '220243', NULL),
('2024-01-02 17:28:09', 0, '00255', 110120127, '220243', NULL),
('2024-01-02 17:28:09', 0, '00255', 110120138, '220243', NULL),
('2024-01-02 17:28:09', 0, '00255', 110120142, '220243', NULL),
('2024-01-02 17:28:09', 0, '00255', 110120146, '220243', NULL),
('2024-01-02 17:28:09', 0, '00255', 110120151, '220243', NULL),
('2024-01-02 17:28:09', 0, '00255', 110120152, '220243', NULL),
('2024-01-02 17:28:09', 0, '00255', 110120153, '220243', NULL),
('2024-01-02 17:28:09', 0, '00255', 110120161, '220243', NULL),
('2024-01-02 17:28:09', 0, '00255', 110120163, '220243', NULL),
('2024-01-02 17:28:09', 0, '00255', 110120164, '220243', NULL),
('2024-01-02 17:28:09', 0, '00255', 110120166, '220243', NULL),
('2024-01-02 17:28:09', 0, '00255', 110120167, '220243', NULL),
('2024-01-02 17:28:09', 0, '00255', 110120170, '220243', NULL),
('2024-01-02 17:28:09', 0, '00255', 110120171, '220243', NULL),
('2024-01-02 17:28:09', 0, '00255', 117520002, '220243', NULL),
('2024-01-02 17:28:09', 0, '00255', 117520005, '220243', NULL),
('2024-01-02 17:28:09', 0, '03546', 110120002, '220012', NULL),
('2024-01-02 17:28:09', 0, '03546', 110120004, '220012', NULL),
('2024-01-02 17:28:09', 0, '03546', 110120006, '220012', NULL),
('2024-01-02 17:28:09', 0, '03546', 110120008, '220012', NULL),
('2024-01-02 17:28:09', 0, '03546', 110120010, '220012', NULL),
('2024-01-02 17:28:09', 0, '03546', 110120014, '220012', NULL),
('2024-01-02 17:28:09', 0, '03546', 110120016, '220012', NULL),
('2024-01-02 17:28:09', 0, '03546', 110120019, '220012', NULL),
('2024-01-02 17:28:09', 0, '03546', 110120020, '220012', NULL),
('2024-01-02 17:28:09', 0, '03546', 110120021, '220012', NULL),
('2024-01-02 17:28:09', 0, '03546', 110120026, '220012', NULL),
('2024-01-02 17:28:09', 0, '03546', 110120027, '220012', NULL),
('2024-01-02 17:28:09', 0, '03546', 110120029, '220012', NULL),
('2024-01-02 17:28:09', 0, '03546', 110120031, '220012', NULL),
('2024-01-02 17:28:09', 0, '03546', 110120034, '220012', NULL),
('2024-01-02 17:28:09', 0, '03546', 110120037, '220012', NULL),
('2024-01-02 17:28:09', 0, '03546', 110120038, '220012', NULL),
('2024-01-02 17:28:09', 0, '03546', 110120044, '220012', NULL),
('2024-01-02 17:28:09', 0, '03546', 110120047, '220012', NULL),
('2024-01-02 17:28:09', 0, '03546', 110120049, '220012', NULL),
('2024-01-02 17:28:09', 0, '03546', 110120051, '220012', NULL),
('2024-01-02 17:28:09', 0, '03546', 110120053, '220012', NULL),
('2024-01-02 17:28:09', 0, '03546', 110120054, '220012', NULL),
('2024-01-02 17:28:09', 0, '03546', 110120055, '220012', NULL),
('2024-01-02 17:28:09', 0, '03546', 110120059, '220012', NULL),
('2024-01-02 17:28:09', 0, '03546', 110120060, '220012', NULL),
('2024-01-02 17:28:09', 0, '03546', 110120063, '220012', NULL),
('2024-01-02 17:28:09', 0, '03546', 110120067, '220012', NULL),
('2024-01-02 17:28:09', 0, '03546', 110120070, '220012', NULL),
('2024-01-02 17:28:09', 0, '03546', 110120071, '220012', NULL),
('2024-01-02 17:28:09', 0, '03546', 110120077, '220012', NULL),
('2024-01-02 17:28:09', 0, '03546', 110120078, '220012', NULL),
('2024-01-02 17:28:09', 0, '03546', 110120081, '220012', NULL),
('2024-01-02 17:28:09', 0, '03546', 110120082, '220012', NULL),
('2024-01-02 17:28:09', 0, '03546', 110120083, '220012', NULL),
('2024-01-02 17:28:09', 0, '03546', 110120084, '220012', NULL),
('2024-01-02 17:28:09', 0, '03546', 110120085, '220012', NULL),
('2024-01-02 17:28:09', 0, '03546', 110120087, '220012', NULL),
('2024-01-02 17:28:09', 0, '03546', 110120090, '220012', NULL),
('2024-01-02 17:28:09', 0, '03546', 110120091, '220012', NULL),
('2024-01-02 17:28:09', 0, '03546', 110120092, '220012', NULL),
('2024-01-02 17:28:09', 0, '03546', 110120095, '220012', NULL),
('2024-01-02 17:28:09', 0, '03546', 110120098, '220012', NULL),
('2024-01-02 17:28:09', 0, '03546', 110120101, '220012', NULL),
('2024-01-02 17:28:09', 0, '03546', 110120104, '220012', NULL),
('2024-01-02 17:28:09', 0, '03546', 110120107, '220012', NULL),
('2024-01-02 17:28:09', 0, '03546', 110120109, '220012', NULL),
('2024-01-02 17:28:09', 0, '03546', 110120112, '220012', NULL),
('2024-01-02 17:28:09', 0, '03546', 110120116, '220012', NULL),
('2024-01-02 17:28:09', 0, '03546', 110120118, '220012', NULL),
('2024-01-02 17:28:09', 0, '03546', 110120119, '220012', NULL),
('2024-01-02 17:28:09', 0, '03546', 110120121, '220012', NULL),
('2024-01-02 17:28:09', 0, '03546', 110120122, '220012', NULL),
('2024-01-02 17:28:09', 0, '03546', 110120125, '220012', NULL),
('2024-01-02 17:28:09', 0, '03546', 110120127, '220012', NULL),
('2024-01-02 17:28:09', 0, '03546', 110120138, '220012', NULL),
('2024-01-02 17:28:09', 0, '03546', 110120142, '220012', NULL),
('2024-01-02 17:28:09', 0, '03546', 110120146, '220012', NULL),
('2024-01-02 17:28:09', 0, '03546', 110120151, '220012', NULL),
('2024-01-02 17:28:09', 0, '03546', 110120152, '220012', NULL),
('2024-01-02 17:28:09', 0, '03546', 110120153, '220012', NULL),
('2024-01-02 17:28:09', 0, '03546', 110120161, '220012', NULL),
('2024-01-02 17:28:09', 0, '03546', 110120163, '220012', NULL),
('2024-01-02 17:28:09', 0, '03546', 110120164, '220012', NULL),
('2024-01-02 17:28:09', 0, '03546', 110120166, '220012', NULL),
('2024-01-02 17:28:09', 0, '03546', 110120167, '220012', NULL),
('2024-01-02 17:28:09', 0, '03546', 110120170, '220012', NULL),
('2024-01-02 17:28:09', 0, '03546', 110120171, '220012', NULL),
('2024-01-02 17:28:09', 0, '03546', 117520002, '220012', NULL),
('2024-01-02 17:28:09', 0, '03546', 117520005, '220012', NULL),
('2024-01-02 17:28:09', 0, '12700', 110120002, '220078', NULL),
('2024-01-02 17:28:09', 0, '12700', 110120004, '220078', NULL),
('2024-01-02 17:28:09', 0, '12700', 110120006, '220078', NULL),
('2024-01-02 17:28:09', 0, '12700', 110120008, '220078', NULL),
('2024-01-02 17:28:09', 0, '12700', 110120010, '220078', NULL),
('2024-01-02 17:28:09', 0, '12700', 110120014, '220078', NULL),
('2024-01-02 17:28:09', 0, '12700', 110120016, '220078', NULL),
('2024-01-02 17:28:09', 0, '12700', 110120019, '220078', NULL),
('2024-01-02 17:28:09', 0, '12700', 110120020, '220078', NULL),
('2024-01-02 17:28:09', 0, '12700', 110120021, '220078', NULL),
('2024-01-02 17:28:09', 0, '12700', 110120026, '220078', NULL),
('2024-01-02 17:28:09', 0, '12700', 110120027, '220078', NULL),
('2024-01-02 17:28:09', 0, '12700', 110120029, '220078', NULL),
('2024-01-02 17:28:09', 0, '12700', 110120031, '220078', NULL),
('2024-01-02 17:28:09', 0, '12700', 110120034, '220078', NULL),
('2024-01-02 17:28:09', 0, '12700', 110120037, '220078', NULL),
('2024-01-02 17:28:09', 0, '12700', 110120038, '220078', NULL),
('2024-01-02 17:28:09', 0, '12700', 110120044, '220078', NULL),
('2024-01-02 17:28:09', 0, '12700', 110120047, '220078', NULL),
('2024-01-02 17:28:09', 0, '12700', 110120049, '220078', NULL),
('2024-01-02 17:28:09', 0, '12700', 110120051, '220078', NULL),
('2024-01-02 17:28:09', 0, '12700', 110120053, '220078', NULL),
('2024-01-02 17:28:09', 0, '12700', 110120054, '220078', NULL),
('2024-01-02 17:28:09', 0, '12700', 110120055, '220078', NULL),
('2024-01-02 17:28:09', 0, '12700', 110120059, '220078', NULL),
('2024-01-02 17:28:09', 0, '12700', 110120060, '220078', NULL),
('2024-01-02 17:28:09', 0, '12700', 110120063, '220078', NULL),
('2024-01-02 17:28:09', 0, '12700', 110120067, '220078', NULL),
('2024-01-02 17:28:09', 0, '12700', 110120070, '220078', NULL),
('2024-01-02 17:28:09', 0, '12700', 110120071, '220078', NULL),
('2024-01-02 17:28:09', 0, '12700', 110120077, '220078', NULL),
('2024-01-02 17:28:09', 0, '12700', 110120078, '220078', NULL),
('2024-01-02 17:28:09', 0, '12700', 110120081, '220078', NULL),
('2024-01-02 17:28:09', 0, '12700', 110120082, '220078', NULL),
('2024-01-02 17:28:09', 0, '12700', 110120083, '220078', NULL),
('2024-01-02 17:28:09', 0, '12700', 110120084, '220078', NULL),
('2024-01-02 17:28:09', 0, '12700', 110120085, '220078', NULL),
('2024-01-02 17:28:09', 0, '12700', 110120087, '220078', NULL),
('2024-01-02 17:28:09', 0, '12700', 110120090, '220078', NULL),
('2024-01-02 17:28:09', 0, '12700', 110120091, '220078', NULL),
('2024-01-02 17:28:09', 0, '12700', 110120092, '220078', NULL),
('2024-01-02 17:28:09', 0, '12700', 110120095, '220078', NULL),
('2024-01-02 17:28:09', 0, '12700', 110120098, '220078', NULL),
('2024-01-02 17:28:09', 0, '12700', 110120101, '220078', NULL),
('2024-01-02 17:28:09', 0, '12700', 110120104, '220078', NULL),
('2024-01-02 17:28:09', 0, '12700', 110120107, '220078', NULL),
('2024-01-02 17:28:09', 0, '12700', 110120109, '220078', NULL),
('2024-01-02 17:28:09', 0, '12700', 110120112, '220078', NULL),
('2024-01-02 17:28:09', 0, '12700', 110120116, '220078', NULL),
('2024-01-02 17:28:09', 0, '12700', 110120118, '220078', NULL),
('2024-01-02 17:28:09', 0, '12700', 110120119, '220078', NULL),
('2024-01-02 17:28:09', 0, '12700', 110120121, '220078', NULL),
('2024-01-02 17:28:09', 0, '12700', 110120122, '220078', NULL),
('2024-01-02 17:28:09', 0, '12700', 110120125, '220078', NULL),
('2024-01-02 17:28:09', 0, '12700', 110120127, '220078', NULL),
('2024-01-02 17:28:09', 0, '12700', 110120138, '220078', NULL),
('2024-01-02 17:28:09', 0, '12700', 110120142, '220078', NULL),
('2024-01-02 17:28:09', 0, '12700', 110120146, '220078', NULL),
('2024-01-02 17:28:09', 0, '12700', 110120151, '220078', NULL),
('2024-01-02 17:28:09', 0, '12700', 110120152, '220078', NULL),
('2024-01-02 17:28:09', 0, '12700', 110120153, '220078', NULL),
('2024-01-02 17:28:09', 0, '12700', 110120161, '220078', NULL),
('2024-01-02 17:28:09', 0, '12700', 110120163, '220078', NULL),
('2024-01-02 17:28:09', 0, '12700', 110120164, '220078', NULL),
('2024-01-02 17:28:09', 0, '12700', 110120166, '220078', NULL),
('2024-01-02 17:28:09', 0, '12700', 110120167, '220078', NULL),
('2024-01-02 17:28:09', 0, '12700', 110120170, '220078', NULL),
('2024-01-02 17:28:09', 0, '12700', 110120171, '220078', NULL),
('2024-01-02 17:28:09', 0, '12700', 117520002, '220078', NULL),
('2024-01-02 17:28:09', 0, '12700', 117520005, '220078', NULL),
('2024-01-02 17:28:09', 0, '127004', 110120002, '20055', NULL),
('2024-01-02 17:28:09', 0, '127004', 110120004, '20055', NULL),
('2024-01-02 17:28:09', 0, '127004', 110120006, '20055', NULL),
('2024-01-02 17:28:09', 0, '127004', 110120008, '20055', NULL),
('2024-01-02 17:28:09', 0, '127004', 110120010, '20055', NULL),
('2024-01-02 17:28:09', 0, '127004', 110120014, '20055', NULL),
('2024-01-02 17:28:09', 0, '127004', 110120016, '20055', NULL),
('2024-01-02 17:28:09', 0, '127004', 110120019, '20055', NULL),
('2024-01-02 17:28:09', 0, '127004', 110120020, '20055', NULL),
('2024-01-02 17:28:09', 0, '127004', 110120021, '20055', NULL),
('2024-01-02 17:28:09', 0, '127004', 110120026, '20055', NULL),
('2024-01-02 17:28:09', 0, '127004', 110120027, '20055', NULL),
('2024-01-02 17:28:09', 0, '127004', 110120029, '20055', NULL),
('2024-01-02 17:28:09', 0, '127004', 110120031, '20055', NULL),
('2024-01-02 17:28:09', 0, '127004', 110120034, '20055', NULL),
('2024-01-02 17:28:09', 0, '127004', 110120037, '20055', NULL),
('2024-01-02 17:28:09', 0, '127004', 110120038, '20055', NULL),
('2024-01-02 17:28:09', 0, '127004', 110120044, '20055', NULL),
('2024-01-02 17:28:09', 0, '127004', 110120047, '20055', NULL),
('2024-01-02 17:28:09', 0, '127004', 110120049, '20055', NULL),
('2024-01-02 17:28:09', 0, '127004', 110120051, '20055', NULL),
('2024-01-02 17:28:09', 0, '127004', 110120053, '20055', NULL),
('2024-01-02 17:28:09', 0, '127004', 110120054, '20055', NULL),
('2024-01-02 17:28:09', 0, '127004', 110120055, '20055', NULL),
('2024-01-02 17:28:09', 0, '127004', 110120059, '20055', NULL),
('2024-01-02 17:28:09', 0, '127004', 110120060, '20055', NULL),
('2024-01-02 17:28:09', 0, '127004', 110120063, '20055', NULL),
('2024-01-02 17:28:09', 0, '127004', 110120067, '20055', NULL),
('2024-01-02 17:28:09', 0, '127004', 110120070, '20055', NULL),
('2024-01-02 17:28:09', 0, '127004', 110120071, '20055', NULL),
('2024-01-02 17:28:09', 0, '127004', 110120077, '20055', NULL),
('2024-01-02 17:28:09', 0, '127004', 110120078, '20055', NULL),
('2024-01-02 17:28:09', 0, '127004', 110120081, '20055', NULL),
('2024-01-02 17:28:09', 0, '127004', 110120082, '20055', NULL),
('2024-01-02 17:28:09', 0, '127004', 110120083, '20055', NULL),
('2024-01-02 17:28:09', 0, '127004', 110120084, '20055', NULL),
('2024-01-02 17:28:09', 0, '127004', 110120085, '20055', NULL),
('2024-01-02 17:28:09', 0, '127004', 110120087, '20055', NULL),
('2024-01-02 17:28:09', 0, '127004', 110120090, '20055', NULL),
('2024-01-02 17:28:09', 0, '127004', 110120091, '20055', NULL),
('2024-01-02 17:28:09', 0, '127004', 110120092, '20055', NULL),
('2024-01-02 17:28:09', 0, '127004', 110120095, '20055', NULL),
('2024-01-02 17:28:09', 0, '127004', 110120098, '20055', NULL),
('2024-01-02 17:28:09', 0, '127004', 110120101, '20055', NULL),
('2024-01-02 17:28:09', 0, '127004', 110120104, '20055', NULL),
('2024-01-02 17:28:09', 0, '127004', 110120107, '20055', NULL),
('2024-01-02 17:28:09', 0, '127004', 110120109, '20055', NULL),
('2024-01-02 17:28:09', 0, '127004', 110120112, '20055', NULL),
('2024-01-02 17:28:09', 0, '127004', 110120116, '20055', NULL),
('2024-01-02 17:28:09', 0, '127004', 110120118, '20055', NULL),
('2024-01-02 17:28:09', 0, '127004', 110120119, '20055', NULL),
('2024-01-02 17:28:09', 0, '127004', 110120121, '20055', NULL),
('2024-01-02 17:28:09', 0, '127004', 110120122, '20055', NULL),
('2024-01-02 17:28:09', 0, '127004', 110120125, '20055', NULL),
('2024-01-02 17:28:09', 0, '127004', 110120127, '20055', NULL),
('2024-01-02 17:28:09', 0, '127004', 110120138, '20055', NULL),
('2024-01-02 17:28:09', 0, '127004', 110120142, '20055', NULL),
('2024-01-02 17:28:09', 0, '127004', 110120146, '20055', NULL),
('2024-01-02 17:28:09', 0, '127004', 110120151, '20055', NULL),
('2024-01-02 17:28:09', 0, '127004', 110120152, '20055', NULL),
('2024-01-02 17:28:09', 0, '127004', 110120153, '20055', NULL),
('2024-01-02 17:28:09', 0, '127004', 110120161, '20055', NULL),
('2024-01-02 17:28:09', 0, '127004', 110120163, '20055', NULL),
('2024-01-02 17:28:09', 0, '127004', 110120164, '20055', NULL),
('2024-01-02 17:28:09', 0, '127004', 110120166, '20055', NULL),
('2024-01-02 17:28:09', 0, '127004', 110120167, '20055', NULL),
('2024-01-02 17:28:09', 0, '127004', 110120170, '20055', NULL),
('2024-01-02 17:28:09', 0, '127004', 110120171, '20055', NULL),
('2024-01-02 17:28:09', 0, '127004', 117520002, '20055', NULL),
('2024-01-02 17:28:09', 0, '127004', 117520005, '20055', NULL),
('2024-01-02 17:28:09', 0, '127005', 110120002, '220109', NULL),
('2024-01-02 17:28:09', 0, '127005', 110120004, '220109', NULL),
('2024-01-02 17:28:09', 0, '127005', 110120006, '220109', NULL),
('2024-01-02 17:28:09', 0, '127005', 110120008, '220109', NULL),
('2024-01-02 17:28:09', 0, '127005', 110120010, '220109', NULL),
('2024-01-02 17:28:09', 0, '127005', 110120014, '220109', NULL),
('2024-01-02 17:28:09', 0, '127005', 110120016, '220109', NULL),
('2024-01-02 17:28:09', 0, '127005', 110120019, '220109', NULL),
('2024-01-02 17:28:09', 0, '127005', 110120020, '220109', NULL),
('2024-01-02 17:28:09', 0, '127005', 110120021, '220109', NULL),
('2024-01-02 17:28:09', 0, '127005', 110120026, '220109', NULL),
('2024-01-02 17:28:09', 0, '127005', 110120027, '220109', NULL),
('2024-01-02 17:28:09', 0, '127005', 110120029, '220109', NULL),
('2024-01-02 17:28:09', 0, '127005', 110120031, '220109', NULL),
('2024-01-02 17:28:09', 0, '127005', 110120034, '220109', NULL),
('2024-01-02 17:28:09', 0, '127005', 110120037, '220109', NULL),
('2024-01-02 17:28:09', 0, '127005', 110120038, '220109', NULL),
('2024-01-02 17:28:09', 0, '127005', 110120044, '220109', NULL),
('2024-01-02 17:28:09', 0, '127005', 110120047, '220109', NULL),
('2024-01-02 17:28:09', 0, '127005', 110120049, '220109', NULL),
('2024-01-02 17:28:09', 0, '127005', 110120051, '220109', NULL),
('2024-01-02 17:28:09', 0, '127005', 110120053, '220109', NULL),
('2024-01-02 17:28:09', 0, '127005', 110120054, '220109', NULL),
('2024-01-02 17:28:09', 0, '127005', 110120055, '220109', NULL),
('2024-01-02 17:28:09', 0, '127005', 110120059, '220109', NULL),
('2024-01-02 17:28:09', 0, '127005', 110120060, '220109', NULL),
('2024-01-02 17:28:09', 0, '127005', 110120063, '220109', NULL),
('2024-01-02 17:28:09', 0, '127005', 110120067, '220109', NULL),
('2024-01-02 17:28:09', 0, '127005', 110120070, '220109', NULL),
('2024-01-02 17:28:09', 0, '127005', 110120071, '220109', NULL),
('2024-01-02 17:28:09', 0, '127005', 110120077, '220109', NULL),
('2024-01-02 17:28:09', 0, '127005', 110120078, '220109', NULL),
('2024-01-02 17:28:09', 0, '127005', 110120081, '220109', NULL),
('2024-01-02 17:28:09', 0, '127005', 110120082, '220109', NULL),
('2024-01-02 17:28:09', 0, '127005', 110120083, '220109', NULL),
('2024-01-02 17:28:09', 0, '127005', 110120084, '220109', NULL),
('2024-01-02 17:28:09', 0, '127005', 110120085, '220109', NULL),
('2024-01-02 17:28:09', 0, '127005', 110120087, '220109', NULL),
('2024-01-02 17:28:09', 0, '127005', 110120090, '220109', NULL),
('2024-01-02 17:28:09', 0, '127005', 110120091, '220109', NULL),
('2024-01-02 17:28:09', 0, '127005', 110120092, '220109', NULL),
('2024-01-02 17:28:09', 0, '127005', 110120095, '220109', NULL),
('2024-01-02 17:28:09', 0, '127005', 110120098, '220109', NULL),
('2024-01-02 17:28:09', 0, '127005', 110120101, '220109', NULL),
('2024-01-02 17:28:09', 0, '127005', 110120104, '220109', NULL),
('2024-01-02 17:28:09', 0, '127005', 110120107, '220109', NULL),
('2024-01-02 17:28:09', 0, '127005', 110120109, '220109', NULL),
('2024-01-02 17:28:09', 0, '127005', 110120112, '220109', NULL),
('2024-01-02 17:28:09', 0, '127005', 110120116, '220109', NULL),
('2024-01-02 17:28:09', 0, '127005', 110120118, '220109', NULL),
('2024-01-02 17:28:09', 0, '127005', 110120119, '220109', NULL),
('2024-01-02 17:28:09', 0, '127005', 110120121, '220109', NULL),
('2024-01-02 17:28:09', 0, '127005', 110120122, '220109', NULL),
('2024-01-02 17:28:09', 0, '127005', 110120125, '220109', NULL),
('2024-01-02 17:28:09', 0, '127005', 110120127, '220109', NULL),
('2024-01-02 17:28:09', 0, '127005', 110120138, '220109', NULL),
('2024-01-02 17:28:09', 0, '127005', 110120142, '220109', NULL),
('2024-01-02 17:28:09', 0, '127005', 110120146, '220109', NULL),
('2024-01-02 17:28:09', 0, '127005', 110120151, '220109', NULL),
('2024-01-02 17:28:09', 0, '127005', 110120152, '220109', NULL),
('2024-01-02 17:28:09', 0, '127005', 110120153, '220109', NULL),
('2024-01-02 17:28:09', 0, '127005', 110120161, '220109', NULL),
('2024-01-02 17:28:09', 0, '127005', 110120163, '220109', NULL),
('2024-01-02 17:28:09', 0, '127005', 110120164, '220109', NULL),
('2024-01-02 17:28:09', 0, '127005', 110120166, '220109', NULL),
('2024-01-02 17:28:09', 0, '127005', 110120167, '220109', NULL),
('2024-01-02 17:28:09', 0, '127005', 110120170, '220109', NULL),
('2024-01-02 17:28:09', 0, '127005', 110120171, '220109', NULL),
('2024-01-02 17:28:09', 0, '127005', 117520002, '220109', NULL),
('2024-01-02 17:28:09', 0, '127005', 117520005, '220109', NULL),
('2024-01-02 17:28:09', 0, '127006', 110120002, '220242', NULL),
('2024-01-02 17:28:09', 0, '127006', 110120004, '220242', NULL),
('2024-01-02 17:28:09', 0, '127006', 110120006, '220242', NULL),
('2024-01-02 17:28:09', 0, '127006', 110120008, '220242', NULL),
('2024-01-02 17:28:09', 0, '127006', 110120010, '220242', NULL),
('2024-01-02 17:28:09', 0, '127006', 110120014, '220242', NULL),
('2024-01-02 17:28:09', 0, '127006', 110120016, '220242', NULL),
('2024-01-02 17:28:09', 0, '127006', 110120019, '220242', NULL),
('2024-01-02 17:28:09', 0, '127006', 110120020, '220242', NULL),
('2024-01-02 17:28:09', 0, '127006', 110120021, '220242', NULL),
('2024-01-02 17:28:09', 0, '127006', 110120026, '220242', NULL),
('2024-01-02 17:28:09', 0, '127006', 110120027, '220242', NULL),
('2024-01-02 17:28:09', 0, '127006', 110120029, '220242', NULL),
('2024-01-02 17:28:09', 0, '127006', 110120031, '220242', NULL),
('2024-01-02 17:28:09', 0, '127006', 110120034, '220242', NULL),
('2024-01-02 17:28:09', 0, '127006', 110120037, '220242', NULL),
('2024-01-02 17:28:09', 0, '127006', 110120038, '220242', NULL),
('2024-01-02 17:28:09', 0, '127006', 110120044, '220242', NULL),
('2024-01-02 17:28:09', 0, '127006', 110120047, '220242', NULL),
('2024-01-02 17:28:09', 0, '127006', 110120049, '220242', NULL),
('2024-01-02 17:28:09', 0, '127006', 110120051, '220242', NULL),
('2024-01-02 17:28:09', 0, '127006', 110120053, '220242', NULL),
('2024-01-02 17:28:09', 0, '127006', 110120054, '220242', NULL),
('2024-01-02 17:28:09', 0, '127006', 110120055, '220242', NULL),
('2024-01-02 17:28:09', 0, '127006', 110120059, '220242', NULL),
('2024-01-02 17:28:09', 0, '127006', 110120060, '220242', NULL),
('2024-01-02 17:28:09', 0, '127006', 110120063, '220242', NULL),
('2024-01-02 17:28:09', 0, '127006', 110120067, '220242', NULL),
('2024-01-02 17:28:09', 0, '127006', 110120070, '220242', NULL),
('2024-01-02 17:28:09', 0, '127006', 110120071, '220242', NULL),
('2024-01-02 17:28:09', 0, '127006', 110120077, '220242', NULL),
('2024-01-02 17:28:09', 0, '127006', 110120078, '220242', NULL),
('2024-01-02 17:28:09', 0, '127006', 110120081, '220242', NULL),
('2024-01-02 17:28:09', 0, '127006', 110120082, '220242', NULL),
('2024-01-02 17:28:09', 0, '127006', 110120083, '220242', NULL),
('2024-01-02 17:28:09', 0, '127006', 110120084, '220242', NULL),
('2024-01-02 17:28:09', 0, '127006', 110120085, '220242', NULL),
('2024-01-02 17:28:09', 0, '127006', 110120087, '220242', NULL),
('2024-01-02 17:28:09', 0, '127006', 110120090, '220242', NULL),
('2024-01-02 17:28:09', 0, '127006', 110120091, '220242', NULL),
('2024-01-02 17:28:09', 0, '127006', 110120092, '220242', NULL),
('2024-01-02 17:28:09', 0, '127006', 110120095, '220242', NULL),
('2024-01-02 17:28:09', 0, '127006', 110120098, '220242', NULL),
('2024-01-02 17:28:09', 0, '127006', 110120101, '220242', NULL),
('2024-01-02 17:28:09', 0, '127006', 110120104, '220242', NULL),
('2024-01-02 17:28:09', 0, '127006', 110120107, '220242', NULL),
('2024-01-02 17:28:09', 0, '127006', 110120109, '220242', NULL),
('2024-01-02 17:28:09', 0, '127006', 110120112, '220242', NULL),
('2024-01-02 17:28:09', 0, '127006', 110120116, '220242', NULL),
('2024-01-02 17:28:09', 0, '127006', 110120118, '220242', NULL),
('2024-01-02 17:28:09', 0, '127006', 110120119, '220242', NULL),
('2024-01-02 17:28:09', 0, '127006', 110120121, '220242', NULL),
('2024-01-02 17:28:09', 0, '127006', 110120122, '220242', NULL),
('2024-01-02 17:28:09', 0, '127006', 110120125, '220242', NULL),
('2024-01-02 17:28:09', 0, '127006', 110120127, '220242', NULL),
('2024-01-02 17:28:09', 0, '127006', 110120138, '220242', NULL),
('2024-01-02 17:28:09', 0, '127006', 110120142, '220242', NULL),
('2024-01-02 17:28:09', 0, '127006', 110120146, '220242', NULL),
('2024-01-02 17:28:09', 0, '127006', 110120151, '220242', NULL),
('2024-01-02 17:28:09', 0, '127006', 110120152, '220242', NULL),
('2024-01-02 17:28:09', 0, '127006', 110120153, '220242', NULL),
('2024-01-02 17:28:09', 0, '127006', 110120161, '220242', NULL),
('2024-01-02 17:28:09', 0, '127006', 110120163, '220242', NULL),
('2024-01-02 17:28:09', 0, '127006', 110120164, '220242', NULL),
('2024-01-02 17:28:09', 0, '127006', 110120166, '220242', NULL),
('2024-01-02 17:28:09', 0, '127006', 110120167, '220242', NULL),
('2024-01-02 17:28:09', 0, '127006', 110120170, '220242', NULL),
('2024-01-02 17:28:09', 0, '127006', 110120171, '220242', NULL),
('2024-01-02 17:28:09', 0, '127006', 117520002, '220242', NULL),
('2024-01-02 17:28:09', 0, '127006', 117520005, '220242', NULL),
('2024-01-02 17:28:09', 0, '127007', 110120002, '220268', NULL),
('2024-01-02 17:28:09', 0, '127007', 110120004, '220268', NULL),
('2024-01-02 17:28:09', 0, '127007', 110120006, '220268', NULL),
('2024-01-02 17:28:09', 0, '127007', 110120008, '220268', NULL),
('2024-01-02 17:28:09', 0, '127007', 110120010, '220268', NULL),
('2024-01-02 17:28:09', 0, '127007', 110120014, '220268', NULL),
('2024-01-02 17:28:09', 0, '127007', 110120016, '220268', NULL),
('2024-01-02 17:28:09', 0, '127007', 110120019, '220268', NULL),
('2024-01-02 17:28:09', 0, '127007', 110120020, '220268', NULL),
('2024-01-02 17:28:09', 0, '127007', 110120021, '220268', NULL),
('2024-01-02 17:28:09', 0, '127007', 110120026, '220268', NULL),
('2024-01-02 17:28:09', 0, '127007', 110120027, '220268', NULL),
('2024-01-02 17:28:09', 0, '127007', 110120029, '220268', NULL),
('2024-01-02 17:28:09', 0, '127007', 110120031, '220268', NULL),
('2024-01-02 17:28:09', 0, '127007', 110120034, '220268', NULL),
('2024-01-02 17:28:09', 0, '127007', 110120037, '220268', NULL),
('2024-01-02 17:28:09', 0, '127007', 110120038, '220268', NULL),
('2024-01-02 17:28:09', 0, '127007', 110120044, '220268', NULL),
('2024-01-02 17:28:09', 0, '127007', 110120047, '220268', NULL),
('2024-01-02 17:28:09', 0, '127007', 110120049, '220268', NULL),
('2024-01-02 17:28:09', 0, '127007', 110120051, '220268', NULL),
('2024-01-02 17:28:09', 0, '127007', 110120053, '220268', NULL),
('2024-01-02 17:28:09', 0, '127007', 110120054, '220268', NULL),
('2024-01-02 17:28:09', 0, '127007', 110120055, '220268', NULL),
('2024-01-02 17:28:09', 0, '127007', 110120059, '220268', NULL),
('2024-01-02 17:28:09', 0, '127007', 110120060, '220268', NULL),
('2024-01-02 17:28:09', 0, '127007', 110120063, '220268', NULL),
('2024-01-02 17:28:09', 0, '127007', 110120067, '220268', NULL),
('2024-01-02 17:28:09', 0, '127007', 110120070, '220268', NULL),
('2024-01-02 17:28:09', 0, '127007', 110120071, '220268', NULL),
('2024-01-02 17:28:09', 0, '127007', 110120077, '220268', NULL),
('2024-01-02 17:28:09', 0, '127007', 110120078, '220268', NULL),
('2024-01-02 17:28:09', 0, '127007', 110120081, '220268', NULL),
('2024-01-02 17:28:09', 0, '127007', 110120082, '220268', NULL),
('2024-01-02 17:28:09', 0, '127007', 110120083, '220268', NULL),
('2024-01-02 17:28:09', 0, '127007', 110120084, '220268', NULL),
('2024-01-02 17:28:09', 0, '127007', 110120085, '220268', NULL),
('2024-01-02 17:28:09', 0, '127007', 110120087, '220268', NULL),
('2024-01-02 17:28:09', 0, '127007', 110120090, '220268', NULL),
('2024-01-02 17:28:09', 0, '127007', 110120091, '220268', NULL),
('2024-01-02 17:28:09', 0, '127007', 110120092, '220268', NULL),
('2024-01-02 17:28:09', 0, '127007', 110120095, '220268', NULL),
('2024-01-02 17:28:09', 0, '127007', 110120098, '220268', NULL),
('2024-01-02 17:28:09', 0, '127007', 110120101, '220268', NULL),
('2024-01-02 17:28:09', 0, '127007', 110120104, '220268', NULL),
('2024-01-02 17:28:09', 0, '127007', 110120107, '220268', NULL),
('2024-01-02 17:28:09', 0, '127007', 110120109, '220268', NULL),
('2024-01-02 17:28:09', 0, '127007', 110120112, '220268', NULL),
('2024-01-02 17:28:09', 0, '127007', 110120116, '220268', NULL),
('2024-01-02 17:28:09', 0, '127007', 110120118, '220268', NULL),
('2024-01-02 17:28:09', 0, '127007', 110120119, '220268', NULL),
('2024-01-02 17:28:09', 0, '127007', 110120121, '220268', NULL),
('2024-01-02 17:28:09', 0, '127007', 110120122, '220268', NULL),
('2024-01-02 17:28:09', 0, '127007', 110120125, '220268', NULL),
('2024-01-02 17:28:09', 0, '127007', 110120127, '220268', NULL),
('2024-01-02 17:28:09', 0, '127007', 110120138, '220268', NULL),
('2024-01-02 17:28:09', 0, '127007', 110120142, '220268', NULL),
('2024-01-02 17:28:09', 0, '127007', 110120146, '220268', NULL),
('2024-01-02 17:28:09', 0, '127007', 110120151, '220268', NULL),
('2024-01-02 17:28:09', 0, '127007', 110120152, '220268', NULL),
('2024-01-02 17:28:09', 0, '127007', 110120153, '220268', NULL),
('2024-01-02 17:28:09', 0, '127007', 110120161, '220268', NULL),
('2024-01-02 17:28:09', 0, '127007', 110120163, '220268', NULL),
('2024-01-02 17:28:09', 0, '127007', 110120164, '220268', NULL),
('2024-01-02 17:28:09', 0, '127007', 110120166, '220268', NULL),
('2024-01-02 17:28:09', 0, '127007', 110120167, '220268', NULL),
('2024-01-02 17:28:09', 0, '127007', 110120170, '220268', NULL),
('2024-01-02 17:28:09', 0, '127007', 110120171, '220268', NULL),
('2024-01-02 17:28:09', 0, '127007', 117520002, '220268', NULL),
('2024-01-02 17:28:09', 0, '127007', 117520005, '220268', NULL),
('2024-01-02 17:28:09', 0, '127011', 110120002, '220120', NULL),
('2024-01-02 17:28:09', 0, '127011', 110120004, '220120', NULL),
('2024-01-02 17:28:09', 0, '127011', 110120006, '220120', NULL),
('2024-01-02 17:28:09', 0, '127011', 110120008, '220120', NULL),
('2024-01-02 17:28:09', 0, '127011', 110120010, '220120', NULL),
('2024-01-02 17:28:09', 0, '127011', 110120014, '220120', NULL),
('2024-01-02 17:28:09', 0, '127011', 110120016, '220120', NULL),
('2024-01-02 17:28:09', 0, '127011', 110120019, '220120', NULL),
('2024-01-02 17:28:09', 0, '127011', 110120020, '220120', NULL),
('2024-01-02 17:28:09', 0, '127011', 110120021, '220120', NULL),
('2024-01-02 17:28:09', 0, '127011', 110120026, '220120', NULL),
('2024-01-02 17:28:09', 0, '127011', 110120027, '220120', NULL),
('2024-01-02 17:28:09', 0, '127011', 110120029, '220120', NULL),
('2024-01-02 17:28:09', 0, '127011', 110120031, '220120', NULL),
('2024-01-02 17:28:09', 0, '127011', 110120034, '220120', NULL),
('2024-01-02 17:28:09', 0, '127011', 110120037, '220120', NULL),
('2024-01-02 17:28:09', 0, '127011', 110120038, '220120', NULL),
('2024-01-02 17:28:09', 0, '127011', 110120044, '220120', NULL),
('2024-01-02 17:28:09', 0, '127011', 110120047, '220120', NULL),
('2024-01-02 17:28:09', 0, '127011', 110120049, '220120', NULL),
('2024-01-02 17:28:09', 0, '127011', 110120051, '220120', NULL),
('2024-01-02 17:28:09', 0, '127011', 110120053, '220120', NULL),
('2024-01-02 17:28:09', 0, '127011', 110120054, '220120', NULL),
('2024-01-02 17:28:09', 0, '127011', 110120055, '220120', NULL),
('2024-01-02 17:28:09', 0, '127011', 110120059, '220120', NULL),
('2024-01-02 17:28:09', 0, '127011', 110120060, '220120', NULL),
('2024-01-02 17:28:09', 0, '127011', 110120063, '220120', NULL),
('2024-01-02 17:28:09', 0, '127011', 110120067, '220120', NULL),
('2024-01-02 17:28:09', 0, '127011', 110120070, '220120', NULL),
('2024-01-02 17:28:09', 0, '127011', 110120071, '220120', NULL),
('2024-01-02 17:28:09', 0, '127011', 110120077, '220120', NULL),
('2024-01-02 17:28:09', 0, '127011', 110120078, '220120', NULL),
('2024-01-02 17:28:09', 0, '127011', 110120081, '220120', NULL),
('2024-01-02 17:28:09', 0, '127011', 110120082, '220120', NULL),
('2024-01-02 17:28:09', 0, '127011', 110120083, '220120', NULL),
('2024-01-02 17:28:09', 0, '127011', 110120084, '220120', NULL),
('2024-01-02 17:28:09', 0, '127011', 110120085, '220120', NULL),
('2024-01-02 17:28:09', 0, '127011', 110120087, '220120', NULL),
('2024-01-02 17:28:09', 0, '127011', 110120090, '220120', NULL),
('2024-01-02 17:28:09', 0, '127011', 110120091, '220120', NULL),
('2024-01-02 17:28:09', 0, '127011', 110120092, '220120', NULL),
('2024-01-02 17:28:09', 0, '127011', 110120095, '220120', NULL),
('2024-01-02 17:28:09', 0, '127011', 110120098, '220120', NULL),
('2024-01-02 17:28:09', 0, '127011', 110120101, '220120', NULL),
('2024-01-02 17:28:09', 0, '127011', 110120104, '220120', NULL),
('2024-01-02 17:28:09', 0, '127011', 110120107, '220120', NULL),
('2024-01-02 17:28:09', 0, '127011', 110120109, '220120', NULL),
('2024-01-02 17:28:09', 0, '127011', 110120112, '220120', NULL),
('2024-01-02 17:28:09', 0, '127011', 110120116, '220120', NULL),
('2024-01-02 17:28:09', 0, '127011', 110120118, '220120', NULL),
('2024-01-02 17:28:09', 0, '127011', 110120119, '220120', NULL),
('2024-01-02 17:28:09', 0, '127011', 110120121, '220120', NULL),
('2024-01-02 17:28:09', 0, '127011', 110120122, '220120', NULL),
('2024-01-02 17:28:09', 0, '127011', 110120125, '220120', NULL),
('2024-01-02 17:28:09', 0, '127011', 110120127, '220120', NULL),
('2024-01-02 17:28:09', 0, '127011', 110120138, '220120', NULL),
('2024-01-02 17:28:09', 0, '127011', 110120142, '220120', NULL),
('2024-01-02 17:28:09', 0, '127011', 110120146, '220120', NULL),
('2024-01-02 17:28:09', 0, '127011', 110120151, '220120', NULL),
('2024-01-02 17:28:09', 0, '127011', 110120152, '220120', NULL),
('2024-01-02 17:28:09', 0, '127011', 110120153, '220120', NULL),
('2024-01-02 17:28:09', 0, '127011', 110120161, '220120', NULL),
('2024-01-02 17:28:09', 0, '127011', 110120163, '220120', NULL),
('2024-01-02 17:28:09', 0, '127011', 110120164, '220120', NULL),
('2024-01-02 17:28:09', 0, '127011', 110120166, '220120', NULL),
('2024-01-02 17:28:09', 0, '127011', 110120167, '220120', NULL),
('2024-01-02 17:28:09', 0, '127011', 110120170, '220120', NULL),
('2024-01-02 17:28:09', 0, '127011', 110120171, '220120', NULL),
('2024-01-02 17:28:09', 0, '127011', 117520002, '220120', NULL),
('2024-01-02 17:28:09', 0, '127011', 117520005, '220120', NULL),
('2024-01-02 17:28:09', 0, '127012', 110120002, '220126', NULL),
('2024-01-02 17:28:09', 0, '127012', 110120004, '220126', NULL),
('2024-01-02 17:28:09', 0, '127012', 110120006, '220126', NULL),
('2024-01-02 17:28:09', 0, '127012', 110120008, '220126', NULL),
('2024-01-02 17:28:09', 0, '127012', 110120010, '220126', NULL),
('2024-01-02 17:28:09', 0, '127012', 110120014, '220126', NULL),
('2024-01-02 17:28:09', 0, '127012', 110120016, '220126', NULL),
('2024-01-02 17:28:09', 0, '127012', 110120019, '220126', NULL),
('2024-01-02 17:28:09', 0, '127012', 110120020, '220126', NULL),
('2024-01-02 17:28:09', 0, '127012', 110120021, '220126', NULL),
('2024-01-02 17:28:09', 0, '127012', 110120026, '220126', NULL),
('2024-01-02 17:28:09', 0, '127012', 110120027, '220126', NULL),
('2024-01-02 17:28:09', 0, '127012', 110120029, '220126', NULL),
('2024-01-02 17:28:09', 0, '127012', 110120031, '220126', NULL),
('2024-01-02 17:28:09', 0, '127012', 110120034, '220126', NULL),
('2024-01-02 17:28:09', 0, '127012', 110120037, '220126', NULL),
('2024-01-02 17:28:09', 0, '127012', 110120038, '220126', NULL),
('2024-01-02 17:28:09', 0, '127012', 110120044, '220126', NULL),
('2024-01-02 17:28:09', 0, '127012', 110120047, '220126', NULL),
('2024-01-02 17:28:09', 0, '127012', 110120049, '220126', NULL),
('2024-01-02 17:28:09', 0, '127012', 110120051, '220126', NULL),
('2024-01-02 17:28:09', 0, '127012', 110120053, '220126', NULL),
('2024-01-02 17:28:09', 0, '127012', 110120054, '220126', NULL),
('2024-01-02 17:28:09', 0, '127012', 110120055, '220126', NULL),
('2024-01-02 17:28:09', 0, '127012', 110120059, '220126', NULL),
('2024-01-02 17:28:09', 0, '127012', 110120060, '220126', NULL),
('2024-01-02 17:28:09', 0, '127012', 110120063, '220126', NULL),
('2024-01-02 17:28:09', 0, '127012', 110120067, '220126', NULL),
('2024-01-02 17:28:09', 0, '127012', 110120070, '220126', NULL),
('2024-01-02 17:28:09', 0, '127012', 110120071, '220126', NULL),
('2024-01-02 17:28:09', 0, '127012', 110120077, '220126', NULL),
('2024-01-02 17:28:09', 0, '127012', 110120078, '220126', NULL),
('2024-01-02 17:28:09', 0, '127012', 110120081, '220126', NULL),
('2024-01-02 17:28:09', 0, '127012', 110120082, '220126', NULL),
('2024-01-02 17:28:09', 0, '127012', 110120083, '220126', NULL),
('2024-01-02 17:28:09', 0, '127012', 110120084, '220126', NULL),
('2024-01-02 17:28:09', 0, '127012', 110120085, '220126', NULL),
('2024-01-02 17:28:09', 0, '127012', 110120087, '220126', NULL),
('2024-01-02 17:28:09', 0, '127012', 110120090, '220126', NULL),
('2024-01-02 17:28:09', 0, '127012', 110120091, '220126', NULL),
('2024-01-02 17:28:09', 0, '127012', 110120092, '220126', NULL),
('2024-01-02 17:28:09', 0, '127012', 110120095, '220126', NULL),
('2024-01-02 17:28:09', 0, '127012', 110120098, '220126', NULL),
('2024-01-02 17:28:09', 0, '127012', 110120101, '220126', NULL),
('2024-01-02 17:28:09', 0, '127012', 110120104, '220126', NULL),
('2024-01-02 17:28:09', 0, '127012', 110120107, '220126', NULL),
('2024-01-02 17:28:09', 0, '127012', 110120109, '220126', NULL),
('2024-01-02 17:28:09', 0, '127012', 110120112, '220126', NULL),
('2024-01-02 17:28:09', 0, '127012', 110120116, '220126', NULL),
('2024-01-02 17:28:09', 0, '127012', 110120118, '220126', NULL),
('2024-01-02 17:28:09', 0, '127012', 110120119, '220126', NULL),
('2024-01-02 17:28:09', 0, '127012', 110120121, '220126', NULL),
('2024-01-02 17:28:09', 0, '127012', 110120122, '220126', NULL),
('2024-01-02 17:28:09', 0, '127012', 110120125, '220126', NULL),
('2024-01-02 17:28:09', 0, '127012', 110120127, '220126', NULL),
('2024-01-02 17:28:09', 0, '127012', 110120138, '220126', NULL),
('2024-01-02 17:28:09', 0, '127012', 110120142, '220126', NULL),
('2024-01-02 17:28:09', 0, '127012', 110120146, '220126', NULL),
('2024-01-02 17:28:09', 0, '127012', 110120151, '220126', NULL),
('2024-01-02 17:28:09', 0, '127012', 110120152, '220126', NULL),
('2024-01-02 17:28:09', 0, '127012', 110120153, '220126', NULL),
('2024-01-02 17:28:09', 0, '127012', 110120161, '220126', NULL),
('2024-01-02 17:28:09', 0, '127012', 110120163, '220126', NULL),
('2024-01-02 17:28:09', 0, '127012', 110120164, '220126', NULL),
('2024-01-02 17:28:09', 0, '127012', 110120166, '220126', NULL),
('2024-01-02 17:28:09', 0, '127012', 110120167, '220126', NULL),
('2024-01-02 17:28:09', 0, '127012', 110120170, '220126', NULL),
('2024-01-02 17:28:09', 0, '127012', 110120171, '220126', NULL),
('2024-01-02 17:28:09', 0, '127012', 117520002, '220126', NULL),
('2024-01-02 17:28:09', 0, '127012', 117520005, '220126', NULL),
('2024-01-02 17:28:09', 0, '12705', 110120002, '220064', NULL),
('2024-01-02 17:28:09', 0, '12705', 110120004, '220064', NULL),
('2024-01-02 17:28:09', 0, '12705', 110120006, '220064', NULL),
('2024-01-02 17:28:09', 0, '12705', 110120008, '220064', NULL),
('2024-01-02 17:28:09', 0, '12705', 110120010, '220064', NULL),
('2024-01-02 17:28:09', 0, '12705', 110120014, '220064', NULL),
('2024-01-02 17:28:09', 0, '12705', 110120016, '220064', NULL),
('2024-01-02 17:28:09', 0, '12705', 110120019, '220064', NULL),
('2024-01-02 17:28:09', 0, '12705', 110120020, '220064', NULL),
('2024-01-02 17:28:09', 0, '12705', 110120021, '220064', NULL),
('2024-01-02 17:28:09', 0, '12705', 110120026, '220064', NULL),
('2024-01-02 17:28:09', 0, '12705', 110120027, '220064', NULL),
('2024-01-02 17:28:09', 0, '12705', 110120029, '220064', NULL),
('2024-01-02 17:28:09', 0, '12705', 110120031, '220064', NULL),
('2024-01-02 17:28:09', 0, '12705', 110120034, '220064', NULL),
('2024-01-02 17:28:09', 0, '12705', 110120037, '220064', NULL),
('2024-01-02 17:28:09', 0, '12705', 110120038, '220064', NULL),
('2024-01-02 17:28:09', 0, '12705', 110120044, '220064', NULL),
('2024-01-02 17:28:09', 0, '12705', 110120047, '220064', NULL),
('2024-01-02 17:28:09', 0, '12705', 110120049, '220064', NULL),
('2024-01-02 17:28:09', 0, '12705', 110120051, '220064', NULL),
('2024-01-02 17:28:09', 0, '12705', 110120053, '220064', NULL),
('2024-01-02 17:28:09', 0, '12705', 110120054, '220064', NULL),
('2024-01-02 17:28:09', 0, '12705', 110120055, '220064', NULL),
('2024-01-02 17:28:09', 0, '12705', 110120059, '220064', NULL),
('2024-01-02 17:28:09', 0, '12705', 110120060, '220064', NULL),
('2024-01-02 17:28:09', 0, '12705', 110120063, '220064', NULL),
('2024-01-02 17:28:09', 0, '12705', 110120067, '220064', NULL),
('2024-01-02 17:28:09', 0, '12705', 110120070, '220064', NULL);
INSERT INTO `chuyencan` (`NGAYCC`, `SOTIETVANG`, `MAGV`, `MASV`, `MAMH`, `LYDO`) VALUES
('2024-01-02 17:28:09', 0, '12705', 110120071, '220064', NULL),
('2024-01-02 17:28:09', 0, '12705', 110120077, '220064', NULL),
('2024-01-02 17:28:09', 0, '12705', 110120078, '220064', NULL),
('2024-01-02 17:28:09', 0, '12705', 110120081, '220064', NULL),
('2024-01-02 17:28:09', 0, '12705', 110120082, '220064', NULL),
('2024-01-02 17:28:09', 0, '12705', 110120083, '220064', NULL),
('2024-01-02 17:28:09', 0, '12705', 110120084, '220064', NULL),
('2024-01-02 17:28:09', 0, '12705', 110120085, '220064', NULL),
('2024-01-02 17:28:09', 0, '12705', 110120087, '220064', NULL),
('2024-01-02 17:28:09', 0, '12705', 110120090, '220064', NULL),
('2024-01-02 17:28:09', 0, '12705', 110120091, '220064', NULL),
('2024-01-02 17:28:09', 0, '12705', 110120092, '220064', NULL),
('2024-01-02 17:28:09', 0, '12705', 110120095, '220064', NULL),
('2024-01-02 17:28:09', 0, '12705', 110120098, '220064', NULL),
('2024-01-02 17:28:09', 0, '12705', 110120101, '220064', NULL),
('2024-01-02 17:28:09', 0, '12705', 110120104, '220064', NULL),
('2024-01-02 17:28:09', 0, '12705', 110120107, '220064', NULL),
('2024-01-02 17:28:09', 0, '12705', 110120109, '220064', NULL),
('2024-01-02 17:28:09', 0, '12705', 110120112, '220064', NULL),
('2024-01-02 17:28:09', 0, '12705', 110120116, '220064', NULL),
('2024-01-02 17:28:09', 0, '12705', 110120118, '220064', NULL),
('2024-01-02 17:28:09', 0, '12705', 110120119, '220064', NULL),
('2024-01-02 17:28:09', 0, '12705', 110120121, '220064', NULL),
('2024-01-02 17:28:09', 0, '12705', 110120122, '220064', NULL),
('2024-01-02 17:28:09', 0, '12705', 110120125, '220064', NULL),
('2024-01-02 17:28:09', 0, '12705', 110120127, '220064', NULL),
('2024-01-02 17:28:09', 0, '12705', 110120138, '220064', NULL),
('2024-01-02 17:28:09', 0, '12705', 110120142, '220064', NULL),
('2024-01-02 17:28:09', 0, '12705', 110120146, '220064', NULL),
('2024-01-02 17:28:09', 0, '12705', 110120151, '220064', NULL),
('2024-01-02 17:28:09', 0, '12705', 110120152, '220064', NULL),
('2024-01-02 17:28:09', 0, '12705', 110120153, '220064', NULL),
('2024-01-02 17:28:09', 0, '12705', 110120161, '220064', NULL),
('2024-01-02 17:28:09', 0, '12705', 110120163, '220064', NULL),
('2024-01-02 17:28:09', 0, '12705', 110120164, '220064', NULL),
('2024-01-02 17:28:09', 0, '12705', 110120166, '220064', NULL),
('2024-01-02 17:28:09', 0, '12705', 110120167, '220064', NULL),
('2024-01-02 17:28:09', 0, '12705', 110120170, '220064', NULL),
('2024-01-02 17:28:09', 0, '12705', 110120171, '220064', NULL),
('2024-01-02 17:28:09', 0, '12705', 117520002, '220064', NULL),
('2024-01-02 17:28:09', 0, '12705', 117520005, '220064', NULL);

-- --------------------------------------------------------

--
-- Cấu trúc bảng cho bảng `giaovien`
--

CREATE TABLE `giaovien` (
  `MAGV` varchar(20) NOT NULL,
  `TENGV` varchar(50) DEFAULT NULL
) ENGINE=InnoDB DEFAULT CHARSET=utf8mb4 COLLATE=utf8mb4_vietnamese_ci;

--
-- Đang đổ dữ liệu cho bảng `giaovien`
--

INSERT INTO `giaovien` (`MAGV`, `TENGV`) VALUES
('00241', 'Nguyễn Hoàng Duy Thiện'),
('00248', 'Phạm Minh Đương'),
('00255', 'Phạm Thị Trúc Mai'),
('03546', 'Phan Thị Phương Nam'),
('12404', 'Nguyễn Bá Nhiệm'),
('12700', 'Khâú Văn Nhựt'),
('127004', 'Nguyễn BẢo Ân'),
('127005', 'Hà Thị Thuý Vi'),
('127006', 'Nguyễn Nhứt Lam'),
('127007', 'Lê Phong Dũ'),
('127011', 'Ngô Thanh Huy'),
('127012', 'Võ Phước Hưng'),
('12705', 'Nguyễn Trần Diễm Hạnh');

-- --------------------------------------------------------

--
-- Cấu trúc bảng cho bảng `monhoc`
--

CREATE TABLE `monhoc` (
  `MAMH` varchar(10) NOT NULL,
  `TENMH` varchar(50) DEFAULT NULL,
  `SOTIET` int(11) DEFAULT NULL,
  `TENGV` varchar(255) DEFAULT NULL,
  `MAGV` varchar(20) DEFAULT NULL
) ENGINE=InnoDB DEFAULT CHARSET=utf8mb4 COLLATE=utf8mb4_vietnamese_ci;

--
-- Đang đổ dữ liệu cho bảng `monhoc`
--

INSERT INTO `monhoc` (`MAMH`, `TENMH`, `SOTIET`, `TENGV`, `MAGV`) VALUES
('20055', 'Công nghệ phần mềm', 60, 'Nguyễn Bảo Ân', '127004'),
('220012', 'Hệ quản trị cơ sở dữ liệu', 60, 'Phan Thị Phương Nam ', '03546'),
('220025', 'Phân tích và thiết kế hệ thống thông tin', 60, 'Phạm Minh Đương', '00248'),
('220054', 'Điện toán đám mây', 60, 'Nguyễn Bá Nhiệm', '14204'),
('220064', 'Chuyên đề ASP.net', 60, 'Nguyễn Trần Diễm Hạnh', '12705'),
('220071', 'Lập trình thiết bị di động', 60, 'Nguyễn Hoàng Duy Thiện', '00241'),
('220078', 'Quản trị dự án công nghệ thông tin', 60, 'Khấu Văn Nhựt', '12700'),
('220109', 'Khai khoáng dữ liệu', 60, 'Hà Thị Thuý Vi ', '127005'),
('220120', 'Xây dựng phần mềm hướng ĐT', 60, 'Ngô Thanh Huy', '127011'),
('220126', 'An toàn và bảo mật thông tin', 60, 'Võ Phước Hưng', '127012'),
('220242', 'Cơ sở trí tuệ nhân tạo', 60, 'Nguyễn Nhứt Lam', '127006'),
('220243', 'Phát triển ứng dụng Web với mã nguồn mở', 60, 'Phạm Thị Trúc Mai', '00255'),
('220268', 'Phát triển ứng dụng hướng dịch vụ', 60, 'Lê Phong Dũ', '127007');

-- --------------------------------------------------------

--
-- Cấu trúc bảng cho bảng `sinhvien`
--

CREATE TABLE `sinhvien` (
  `MASV` int(11) NOT NULL,
  `TENSV` varchar(50) DEFAULT NULL,
  `LOPSV` varchar(20) DEFAULT NULL,
  `EMAIL` varchar(50) DEFAULT NULL,
  `DIEMDANH` varchar(20) DEFAULT 'Chưa điểm danh'
) ENGINE=InnoDB DEFAULT CHARSET=utf8mb4 COLLATE=utf8mb4_vietnamese_ci;

--
-- Đang đổ dữ liệu cho bảng `sinhvien`
--

INSERT INTO `sinhvien` (`MASV`, `TENSV`, `LOPSV`, `EMAIL`, `DIEMDANH`) VALUES
(110120002, 'Huỳnh Trần Tuấn Anh', 'DA20TTA', 'huynhtuantuananh@example.com', 'Chưa điểm danh'),
(110120004, 'Trần Tiến Anh', 'DA20TTA', 'trantienanh@example.com', 'Chưa điểm danh'),
(110120006, 'Đặng Kim Bắc', 'DA20TTA', 'dangkimbac@example.com', 'Chưa điểm danh'),
(110120008, 'Nguyễn Thị Ngọc Chăm', 'DA20TTA', 'ngoctham@example.com', 'Chưa điểm danh'),
(110120010, 'Hà Minh Chiến', 'DA20TTA', 'haminhchien@example.com', 'Chưa điểm danh'),
(110120014, 'Trần Nguyễn Võ Minh Đăng', 'DA20TTA', 'trannvmdang@example.com', 'Chưa điểm danh'),
(110120016, 'Huỳnh Phúc Đạt', 'DA20TTB', 'huynhphucdat@example.com', 'Chưa điểm danh'),
(110120019, 'Phạm Quyển Đình', 'DA20TTB', 'phamquyendinh@example.com', 'Chưa điểm danh'),
(110120020, 'Nguyễn Minh Đức', 'DA20TTB', 'nguyenminhduc@example.com', 'Chưa điểm danh'),
(110120021, 'Vủ Duy Đức', 'DA20TTA', 'vuduyduc@example.com', 'Chưa điểm danh'),
(110120026, 'Lâm Ngọc Hân', 'DA20TTA', 'lamngochan@example.com', 'Chưa điểm danh'),
(110120027, 'Lê Minh Hận', 'DA20TTA', 'leminhhant@example.com', 'Chưa điểm danh'),
(110120029, 'Huỳnh Hữu Hiếu', 'DA20TTA', 'huynhhuuhieu@example.com', 'Chưa điểm danh'),
(110120031, 'Trần Thái Hưng', 'DA20TTB', 'tranthaihung@example.com', 'Chưa điểm danh'),
(110120034, 'Trương Vũ Huy', 'DA20TTA', 'truongvuhuy@example.com', 'Chưa điểm danh'),
(110120037, 'Phan Vĩ Khang', 'DA20TTB', 'phanvikhanghhcl@gmail.com', 'Chưa điểm danh'),
(110120038, 'Trần Thị Mỹ Khánh', 'DA20TTB', 'tranthimykhanh@example.com', 'Chưa điểm danh'),
(110120044, 'Huỳnh Tấn Lộc', 'DA20TTB', 'huynhtanloc@example.com', 'Chưa điểm danh'),
(110120047, 'Trầm Hữu Lợi', 'DA20TTA', 'tramhuloi@example.com', 'Chưa điểm danh'),
(110120049, 'Lê Bảo Nghi', 'DA20TTA', 'lebaonghi@example.com', 'Chưa điểm danh'),
(110120051, 'Trần Trọng Nhân', 'DA20TTA', 'trantrongnhan@example.com', 'Chưa điểm danh'),
(110120053, 'Nguyễn Huỳnh Nhiên', 'DA20TTB', 'nguyenhuynhnhienv@example.com', 'Chưa điểm danh'),
(110120054, 'Lê Đức Nhuận', 'DA20TTA', 'leducnhuan@example.com', 'Chưa điểm danh'),
(110120055, 'Nguyễn Nhựt Ninh', 'DA20TTB', 'nguyennhutninh@example.com', 'Chưa điểm danh'),
(110120059, 'Trương Sơn Sô Phát', 'DA20TTB', 'truongsonso.phat@example.com', 'Chưa điểm danh'),
(110120060, 'Kim Thị Sô Phi', 'DA20TTA', 'kimthisophi@example.com', 'Chưa điểm danh'),
(110120063, 'Lâm Khánh Quy', 'DA20TTA', 'lamkhanhquy@example.com', 'Chưa điểm danh'),
(110120067, 'Nguyễn Thị Diễm Sương', 'DA20TTA', 'nguyenthidiemsuong@example.com', 'Chưa điểm danh'),
(110120070, 'Lê Thị Hiếu Thảo', 'DA20TTB', 'lethihieuthao@example.com', 'Chưa điểm danh'),
(110120071, 'Nguyễn Ngọc Thịnh', 'DA20TTA', 'nguyenngocthinh@example.com', 'Chưa điểm danh'),
(110120077, 'Trần Quang Tiến', 'DA20TTA', 'tranquangtien@example.com', 'Chưa điểm danh'),
(110120078, 'Nguyễn Trọng Tín', 'DA20TTB', 'nguyentrongtin@example.com', 'Chưa điểm danh'),
(110120081, 'Nguyễn Triến', 'DA20TTA', 'nguyentrien@example.com', 'Chưa điểm danh'),
(110120082, 'Trần Vỹ Triết', 'DA20TTA', 'tranvytriet@example.com', 'Chưa điểm danh'),
(110120083, 'Kim Dương Tuấn', 'DA20TTA', 'kimduongtuan@example.com', 'Chưa điểm danh'),
(110120084, 'Trần Phúc Vĩ', 'DA20TTA', 'tranphucvi@example.com', 'Chưa điểm danh'),
(110120085, 'Nguyễn Xuân Vinh', 'DA20TTB', 'nguyenxuanvinh@example.com', 'Chưa điểm danh'),
(110120087, 'Nguyễn Thị Mỹ Yến', 'DA20TTB', 'nguyenthimyyen@example.com', 'Chưa điểm danh'),
(110120090, 'Từ Quốc Cảnh', 'DA20TTB', 'tuquoccanh@example.com', 'Chưa điểm danh'),
(110120091, 'Thạch Lâm Oanh Đi', 'DA20TTB', 'thachlamoanhdi@example.com', 'Chưa điểm danh'),
(110120092, 'Nguyễn Thái Điền', 'DA20TTB', 'nguyenthaidien@example.com', 'Chưa điểm danh'),
(110120095, 'Nguyễn Trần Hoàng Hiếu', 'DA20TTB', 'nguyentranhoanghieu@example.com', 'Chưa điểm danh'),
(110120098, 'La Diễn Kha', 'DA20TTB', 'ladienkha@example.com', 'Chưa điểm danh'),
(110120101, 'Nguyễn Quốc Huy Khanh', 'DA20TTB', 'nguyenquochuykhanh@example.com', 'Chưa điểm danh'),
(110120104, 'Nguyễn Tuấn Kiệt', 'DA20TTB', 'nguyentuankiet@example.com', 'Chưa điểm danh'),
(110120107, 'Lâm Chí Nhân', 'DA20TTB', 'lamchinhan@example.com', 'Chưa điểm danh'),
(110120109, 'Trần Thị Quỳnh Như', 'DA20TTB', 'tranthiquynhnhu@example.com', 'Chưa điểm danh'),
(110120112, 'Nguyễn Hoàng Phúc', 'DA20TTB', 'nguyenhoangphuc@example.com', 'Chưa điểm danh'),
(110120116, 'Thân Anh Tài', 'DA20TTB', 'thanantaiv@example.com', 'Chưa điểm danh'),
(110120118, 'Phạm Kim Thọ', 'DA20TTB', 'phamkimtho@example.com', 'Chưa điểm danh'),
(110120119, 'Lê Dương Nhựt Thoại', 'DA20TTB', 'leduongnhutthoai@example.com', 'Chưa điểm danh'),
(110120121, 'Trần Ngô Quốc Thuận', 'DA20TTB', 'tranthuantv2002@gmail.com', 'Chưa điểm danh'),
(110120122, 'Trần Minh Trí', 'DA20TTB', 'trantri090102@gmail.com', 'Chưa điểm danh'),
(110120125, 'Lương Quốc Trung', 'DA20TTB', 'luongquoctrung@example.com', 'Chưa điểm danh'),
(110120127, 'Nguyễn Thị Cẩm Xuyên', 'DA20TTB', 'nguyenthicamxuyen@example.com', 'Chưa điểm danh'),
(110120138, 'Cao Ka Ka', 'DA20TTB', 'caokaka@example.com', 'Chưa điểm danh'),
(110120142, 'Thạch Tấn Lộc', 'DA20TTB', 'thachtanloc@example.com', 'Chưa điểm danh'),
(110120146, 'Kim Thanh Ái Nhân', 'DA20TTB', 'kimthanhaianhan@example.com', 'Chưa điểm danh'),
(110120151, 'Nguyễn Nhất Sang', 'DA20TTB', 'nguyennhatsang@example.com', 'Chưa điểm danh'),
(110120152, 'Lâm Ngọc Tài', 'DA20TTB', 'lamngoctai@example.com', 'Chưa điểm danh'),
(110120153, 'Trần Trí Tài', 'DA20TTB', 'trantritai@example.com', 'Chưa điểm danh'),
(110120161, 'Nhan Lê Minh Trọng', 'DA20TTB', 'nhanleminhtrong@example.com', 'Chưa điểm danh'),
(110120163, 'Lê Thanh Truyền', 'DA20TTB', 'lethanhtruyen@example.com', 'Chưa điểm danh'),
(110120164, 'Mạch Khánh Duy', 'DA20TTA', 'machkhanhduy@example.com', 'Chưa điểm danh'),
(110120166, 'Ngô Tấn Lợi', 'DA20TTA', 'ngotanloi@example.com', 'Chưa điểm danh'),
(110120167, 'Võ Anh Duy', 'DA20TTA', 'voaduy@example.com', 'Chưa điểm danh'),
(110120170, 'Phạm Trọng Nghĩa', 'DA20TTA', 'phamtrongnghia@example.com', 'Chưa điểm danh'),
(110120171, 'Trần Huỳnh Khang', 'DA20TTB', 'tranhuynhkhang@example.com', 'Chưa điểm danh'),
(117520002, 'Châu Phước Vinh', 'DA20TTB', 'chauphocvinh@example.com', 'Chưa điểm danh'),
(117520005, 'Nguyễn Thanh Trúc', 'DA20TTB', 'nguyenthanhtruc@example.com', 'Chưa điểm danh');

--
-- Chỉ mục cho các bảng đã đổ
--

--
-- Chỉ mục cho bảng `chitietdiemdanh`
--
ALTER TABLE `chitietdiemdanh`
  ADD PRIMARY KEY (`ID`),
  ADD KEY `MASV` (`MASV`),
  ADD KEY `MAMH` (`MAMH`);

--
-- Chỉ mục cho bảng `chuyencan`
--
ALTER TABLE `chuyencan`
  ADD PRIMARY KEY (`MAGV`,`MASV`,`MAMH`),
  ADD KEY `MAMH` (`MAMH`),
  ADD KEY `MASV` (`MASV`);

--
-- Chỉ mục cho bảng `giaovien`
--
ALTER TABLE `giaovien`
  ADD PRIMARY KEY (`MAGV`);

--
-- Chỉ mục cho bảng `monhoc`
--
ALTER TABLE `monhoc`
  ADD PRIMARY KEY (`MAMH`);

--
-- Chỉ mục cho bảng `sinhvien`
--
ALTER TABLE `sinhvien`
  ADD PRIMARY KEY (`MASV`),
  ADD UNIQUE KEY `EMAIL` (`EMAIL`);

--
-- AUTO_INCREMENT cho các bảng đã đổ
--

--
-- AUTO_INCREMENT cho bảng `chitietdiemdanh`
--
ALTER TABLE `chitietdiemdanh`
  MODIFY `ID` int(11) NOT NULL AUTO_INCREMENT, AUTO_INCREMENT=163;

--
-- Các ràng buộc cho các bảng đã đổ
--

--
-- Các ràng buộc cho bảng `chitietdiemdanh`
--
ALTER TABLE `chitietdiemdanh`
  ADD CONSTRAINT `chitietdiemdanh_ibfk_1` FOREIGN KEY (`MASV`) REFERENCES `sinhvien` (`MASV`),
  ADD CONSTRAINT `chitietdiemdanh_ibfk_2` FOREIGN KEY (`MAMH`) REFERENCES `monhoc` (`MAMH`);

--
-- Các ràng buộc cho bảng `chuyencan`
--
ALTER TABLE `chuyencan`
  ADD CONSTRAINT `chuyencan_ibfk_1` FOREIGN KEY (`MAGV`) REFERENCES `giaovien` (`MAGV`),
  ADD CONSTRAINT `chuyencan_ibfk_3` FOREIGN KEY (`MAMH`) REFERENCES `monhoc` (`MAMH`),
  ADD CONSTRAINT `chuyencan_ibfk_4` FOREIGN KEY (`MASV`) REFERENCES `sinhvien` (`MASV`) ON DELETE CASCADE;
COMMIT;

/*!40101 SET CHARACTER_SET_CLIENT=@OLD_CHARACTER_SET_CLIENT */;
/*!40101 SET CHARACTER_SET_RESULTS=@OLD_CHARACTER_SET_RESULTS */;
/*!40101 SET COLLATION_CONNECTION=@OLD_COLLATION_CONNECTION */;
